genuine_path,forged_path,label
genuine\original_17_11.png,forged\forgeries_17_11.png,1
genuine\original_4_24.png,forged\forgeries_4_24.png,1
genuine\original_25_10.png,forged\forgeries_25_10.png,1
genuine\original_39_12.png,forged\forgeries_39_12.png,1
genuine\original_19_17.png,forged\forgeries_19_17.png,1
genuine\original_24_5.png,forged\forgeries_24_5.png,1
genuine\original_48_2.png,forged\forgeries_48_2.png,1
genuine\original_52_23.png,forged\forgeries_52_23.png,1
genuine\original_55_24.png,forged\forgeries_55_24.png,1
genuine\original_2_12.png,forged\forgeries_2_12.png,1
genuine\original_48_5.png,forged\forgeries_48_5.png,1
genuine\original_49_20.png,forged\forgeries_49_20.png,1
genuine\original_19_20.png,forged\forgeries_19_20.png,1
genuine\original_30_14.png,forged\forgeries_30_14.png,1
genuine\original_29_19.png,forged\forgeries_29_19.png,1
genuine\original_39_23.png,forged\forgeries_39_23.png,1
genuine\original_31_5.png,forged\forgeries_31_5.png,1
genuine\original_46_4.png,forged\forgeries_46_4.png,1
genuine\original_55_14.png,forged\forgeries_55_14.png,1
genuine\original_30_15.png,forged\forgeries_30_15.png,1
genuine\original_41_6.png,forged\forgeries_41_6.png,1
genuine\original_10_12.png,forged\forgeries_10_12.png,1
genuine\original_43_10.png,forged\forgeries_43_10.png,1
genuine\original_53_1.png,forged\forgeries_53_1.png,1
genuine\original_13_9.png,forged\forgeries_13_9.png,1
genuine\original_11_13.png,forged\forgeries_11_13.png,1
genuine\original_25_24.png,forged\forgeries_25_24.png,1
genuine\original_15_1.png,forged\forgeries_15_1.png,1
genuine\original_37_5.png,forged\forgeries_37_5.png,1
genuine\original_49_7.png,forged\forgeries_49_7.png,1
genuine\original_28_11.png,forged\forgeries_28_11.png,1
genuine\original_43_8.png,forged\forgeries_43_8.png,1
genuine\original_48_20.png,forged\forgeries_48_20.png,1
genuine\original_17_19.png,forged\forgeries_17_19.png,1
genuine\original_22_13.png,forged\forgeries_22_13.png,1
genuine\original_44_7.png,forged\forgeries_44_7.png,1
genuine\original_16_16.png,forged\forgeries_16_16.png,1
genuine\original_13_1.png,forged\forgeries_13_1.png,1
genuine\original_9_1.png,forged\forgeries_9_1.png,1
genuine\original_12_5.png,forged\forgeries_12_5.png,1
genuine\original_1_21.png,forged\forgeries_1_21.png,1
genuine\original_22_11.png,forged\forgeries_22_11.png,1
genuine\original_1_19.png,forged\forgeries_1_19.png,1
genuine\original_29_20.png,forged\forgeries_29_20.png,1
genuine\original_52_20.png,forged\forgeries_52_20.png,1
genuine\original_20_3.png,forged\forgeries_20_3.png,1
genuine\original_30_23.png,forged\forgeries_30_23.png,1
genuine\original_54_15.png,forged\forgeries_54_15.png,1
genuine\original_50_5.png,forged\forgeries_50_5.png,1
genuine\original_10_21.png,forged\forgeries_10_21.png,1
genuine\original_33_17.png,forged\forgeries_33_17.png,1
genuine\original_27_16.png,forged\forgeries_27_16.png,1
genuine\original_3_18.png,forged\forgeries_3_18.png,1
genuine\original_17_21.png,forged\forgeries_17_21.png,1
genuine\original_34_1.png,forged\forgeries_34_1.png,1
genuine\original_5_10.png,forged\forgeries_5_10.png,1
genuine\original_31_19.png,forged\forgeries_31_19.png,1
genuine\original_11_14.png,forged\forgeries_11_14.png,1
genuine\original_41_24.png,forged\forgeries_41_24.png,1
genuine\original_9_10.png,forged\forgeries_9_10.png,1
genuine\original_2_13.png,forged\forgeries_2_13.png,1
genuine\original_41_2.png,forged\forgeries_41_2.png,1
genuine\original_31_14.png,forged\forgeries_31_14.png,1
genuine\original_46_23.png,forged\forgeries_46_23.png,1
genuine\original_15_2.png,forged\forgeries_15_2.png,1
genuine\original_24_18.png,forged\forgeries_24_18.png,1
genuine\original_12_3.png,forged\forgeries_12_3.png,1
genuine\original_28_21.png,forged\forgeries_28_21.png,1
genuine\original_48_23.png,forged\forgeries_48_23.png,1
genuine\original_8_2.png,forged\forgeries_8_2.png,1
genuine\original_51_11.png,forged\forgeries_51_11.png,1
genuine\original_36_12.png,forged\forgeries_36_12.png,1
genuine\original_26_10.png,forged\forgeries_26_10.png,1
genuine\original_40_20.png,forged\forgeries_40_20.png,1
genuine\original_32_6.png,forged\forgeries_32_6.png,1
genuine\original_4_2.png,forged\forgeries_4_2.png,1
genuine\original_15_18.png,forged\forgeries_15_18.png,1
genuine\original_31_11.png,forged\forgeries_31_11.png,1
genuine\original_25_6.png,forged\forgeries_25_6.png,1
genuine\original_27_23.png,forged\forgeries_27_23.png,1
genuine\original_27_3.png,forged\forgeries_27_3.png,1
genuine\original_11_18.png,forged\forgeries_11_18.png,1
genuine\original_2_22.png,forged\forgeries_2_22.png,1
genuine\original_26_19.png,forged\forgeries_26_19.png,1
genuine\original_18_9.png,forged\forgeries_18_9.png,1
genuine\original_33_3.png,forged\forgeries_33_3.png,1
genuine\original_49_8.png,forged\forgeries_49_8.png,1
genuine\original_15_17.png,forged\forgeries_15_17.png,1
genuine\original_15_4.png,forged\forgeries_15_4.png,1
genuine\original_8_3.png,forged\forgeries_8_3.png,1
genuine\original_34_24.png,forged\forgeries_34_24.png,1
genuine\original_40_21.png,forged\forgeries_40_21.png,1
genuine\original_2_21.png,forged\forgeries_2_21.png,1
genuine\original_17_20.png,forged\forgeries_17_20.png,1
genuine\original_11_23.png,forged\forgeries_11_23.png,1
genuine\original_6_4.png,forged\forgeries_6_4.png,1
genuine\original_15_7.png,forged\forgeries_15_7.png,1
genuine\original_39_24.png,forged\forgeries_39_24.png,1
genuine\original_41_17.png,forged\forgeries_41_17.png,1
genuine\original_41_19.png,forged\forgeries_41_19.png,1
genuine\original_47_15.png,forged\forgeries_47_15.png,1
genuine\original_2_19.png,forged\forgeries_2_19.png,1
genuine\original_20_17.png,forged\forgeries_20_17.png,1
genuine\original_35_16.png,forged\forgeries_35_16.png,1
genuine\original_7_7.png,forged\forgeries_7_7.png,1
genuine\original_50_7.png,forged\forgeries_50_7.png,1
genuine\original_1_3.png,forged\forgeries_1_3.png,1
genuine\original_35_1.png,forged\forgeries_35_1.png,1
genuine\original_19_10.png,forged\forgeries_19_10.png,1
genuine\original_17_9.png,forged\forgeries_17_9.png,1
genuine\original_16_10.png,forged\forgeries_16_10.png,1
genuine\original_20_9.png,forged\forgeries_20_9.png,1
genuine\original_25_7.png,forged\forgeries_25_7.png,1
genuine\original_33_13.png,forged\forgeries_33_13.png,1
genuine\original_38_1.png,forged\forgeries_38_1.png,1
genuine\original_44_13.png,forged\forgeries_44_13.png,1
genuine\original_6_12.png,forged\forgeries_6_12.png,1
genuine\original_13_11.png,forged\forgeries_13_11.png,1
genuine\original_2_14.png,forged\forgeries_2_14.png,1
genuine\original_1_16.png,forged\forgeries_1_16.png,1
genuine\original_2_9.png,forged\forgeries_2_9.png,1
genuine\original_50_10.png,forged\forgeries_50_10.png,1
genuine\original_4_13.png,forged\forgeries_4_13.png,1
genuine\original_48_7.png,forged\forgeries_48_7.png,1
genuine\original_16_9.png,forged\forgeries_16_9.png,1
genuine\original_26_5.png,forged\forgeries_26_5.png,1
genuine\original_42_5.png,forged\forgeries_42_5.png,1
genuine\original_1_6.png,forged\forgeries_1_6.png,1
genuine\original_53_14.png,forged\forgeries_53_14.png,1
genuine\original_1_14.png,forged\forgeries_1_14.png,1
genuine\original_4_1.png,forged\forgeries_4_1.png,1
genuine\original_4_16.png,forged\forgeries_4_16.png,1
genuine\original_37_6.png,forged\forgeries_37_6.png,1
genuine\original_36_10.png,forged\forgeries_36_10.png,1
genuine\original_5_16.png,forged\forgeries_5_16.png,1
genuine\original_7_13.png,forged\forgeries_7_13.png,1
genuine\original_48_17.png,forged\forgeries_48_17.png,1
genuine\original_21_13.png,forged\forgeries_21_13.png,1
genuine\original_8_12.png,forged\forgeries_8_12.png,1
genuine\original_2_11.png,forged\forgeries_2_11.png,1
genuine\original_16_13.png,forged\forgeries_16_13.png,1
genuine\original_26_12.png,forged\forgeries_26_12.png,1
genuine\original_9_20.png,forged\forgeries_9_20.png,1
genuine\original_7_2.png,forged\forgeries_7_2.png,1
genuine\original_8_11.png,forged\forgeries_8_11.png,1
genuine\original_3_4.png,forged\forgeries_3_4.png,1
genuine\original_31_15.png,forged\forgeries_31_15.png,1
genuine\original_2_1.png,forged\forgeries_2_1.png,1
genuine\original_29_12.png,forged\forgeries_29_12.png,1
genuine\original_13_5.png,forged\forgeries_13_5.png,1
genuine\original_21_18.png,forged\forgeries_21_18.png,1
genuine\original_30_11.png,forged\forgeries_30_11.png,1
genuine\original_39_3.png,forged\forgeries_39_3.png,1
genuine\original_18_17.png,forged\forgeries_18_17.png,1
genuine\original_21_3.png,forged\forgeries_21_3.png,1
genuine\original_1_8.png,forged\forgeries_1_8.png,1
genuine\original_1_2.png,forged\forgeries_1_2.png,1
genuine\original_47_17.png,forged\forgeries_47_17.png,1
genuine\original_26_17.png,forged\forgeries_26_17.png,1
genuine\original_30_10.png,forged\forgeries_30_10.png,1
genuine\original_45_17.png,forged\forgeries_45_17.png,1
genuine\original_44_20.png,forged\forgeries_44_20.png,1
genuine\original_22_10.png,forged\forgeries_22_10.png,1
genuine\original_28_14.png,forged\forgeries_28_14.png,1
genuine\original_7_15.png,forged\forgeries_7_15.png,1
genuine\original_7_5.png,forged\forgeries_7_5.png,1
genuine\original_36_21.png,forged\forgeries_36_21.png,1
genuine\original_10_5.png,forged\forgeries_10_5.png,1
genuine\original_54_10.png,forged\forgeries_54_10.png,1
genuine\original_35_15.png,forged\forgeries_35_15.png,1
genuine\original_13_12.png,forged\forgeries_13_12.png,1
genuine\original_21_8.png,forged\forgeries_21_8.png,1
genuine\original_27_24.png,forged\forgeries_27_24.png,1
genuine\original_5_8.png,forged\forgeries_5_8.png,1
genuine\original_40_4.png,forged\forgeries_40_4.png,1
genuine\original_41_7.png,forged\forgeries_41_7.png,1
genuine\original_32_12.png,forged\forgeries_32_12.png,1
genuine\original_43_1.png,forged\forgeries_43_1.png,1
genuine\original_19_24.png,forged\forgeries_19_24.png,1
genuine\original_3_17.png,forged\forgeries_3_17.png,1
genuine\original_13_6.png,forged\forgeries_13_6.png,1
genuine\original_22_8.png,forged\forgeries_22_8.png,1
genuine\original_39_21.png,forged\forgeries_39_21.png,1
genuine\original_23_4.png,forged\forgeries_23_4.png,1
genuine\original_25_15.png,forged\forgeries_25_15.png,1
genuine\original_16_12.png,forged\forgeries_16_12.png,1
genuine\original_11_21.png,forged\forgeries_11_21.png,1
genuine\original_50_13.png,forged\forgeries_50_13.png,1
genuine\original_33_1.png,forged\forgeries_33_1.png,1
genuine\original_21_2.png,forged\forgeries_21_2.png,1
genuine\original_2_24.png,forged\forgeries_2_24.png,1
genuine\original_25_16.png,forged\forgeries_25_16.png,1
genuine\original_37_15.png,forged\forgeries_37_15.png,1
genuine\original_3_13.png,forged\forgeries_3_13.png,1
genuine\original_51_17.png,forged\forgeries_51_17.png,1
genuine\original_18_5.png,forged\forgeries_18_5.png,1
genuine\original_39_7.png,forged\forgeries_39_7.png,1
genuine\original_48_14.png,forged\forgeries_48_14.png,1
genuine\original_51_21.png,forged\forgeries_51_21.png,1
genuine\original_41_12.png,forged\forgeries_41_12.png,1
genuine\original_18_20.png,forged\forgeries_18_20.png,1
genuine\original_1_24.png,forged\forgeries_1_24.png,1
genuine\original_46_15.png,forged\forgeries_46_15.png,1
genuine\original_21_12.png,forged\forgeries_21_12.png,1
genuine\original_40_8.png,forged\forgeries_40_8.png,1
genuine\original_55_12.png,forged\forgeries_55_12.png,1
genuine\original_16_5.png,forged\forgeries_16_5.png,1
genuine\original_22_2.png,forged\forgeries_22_2.png,1
genuine\original_10_6.png,forged\forgeries_10_6.png,1
genuine\original_2_2.png,forged\forgeries_2_2.png,1
genuine\original_33_19.png,forged\forgeries_33_19.png,1
genuine\original_13_3.png,forged\forgeries_13_3.png,1
genuine\original_1_9.png,forged\forgeries_1_9.png,1
genuine\original_42_24.png,forged\forgeries_42_24.png,1
genuine\original_51_6.png,forged\forgeries_51_6.png,1
genuine\original_34_22.png,forged\forgeries_34_22.png,1
genuine\original_51_12.png,forged\forgeries_51_12.png,1
genuine\original_44_15.png,forged\forgeries_44_15.png,1
genuine\original_36_8.png,forged\forgeries_36_8.png,1
genuine\original_50_22.png,forged\forgeries_50_22.png,1
genuine\original_45_19.png,forged\forgeries_45_19.png,1
genuine\original_23_5.png,forged\forgeries_23_5.png,1
genuine\original_43_18.png,forged\forgeries_43_18.png,1
genuine\original_13_2.png,forged\forgeries_13_2.png,1
genuine\original_39_2.png,forged\forgeries_39_2.png,1
genuine\original_52_1.png,forged\forgeries_52_1.png,1
genuine\original_38_4.png,forged\forgeries_38_4.png,1
genuine\original_45_15.png,forged\forgeries_45_15.png,1
genuine\original_29_6.png,forged\forgeries_29_6.png,1
genuine\original_40_19.png,forged\forgeries_40_19.png,1
genuine\original_49_18.png,forged\forgeries_49_18.png,1
genuine\original_11_15.png,forged\forgeries_11_15.png,1
genuine\original_48_24.png,forged\forgeries_48_24.png,1
genuine\original_9_16.png,forged\forgeries_9_16.png,1
genuine\original_42_1.png,forged\forgeries_42_1.png,1
genuine\original_9_13.png,forged\forgeries_9_13.png,1
genuine\original_18_6.png,forged\forgeries_18_6.png,1
genuine\original_49_13.png,forged\forgeries_49_13.png,1
genuine\original_9_22.png,forged\forgeries_9_22.png,1
genuine\original_15_5.png,forged\forgeries_15_5.png,1
genuine\original_38_5.png,forged\forgeries_38_5.png,1
genuine\original_48_13.png,forged\forgeries_48_13.png,1
genuine\original_46_11.png,forged\forgeries_46_11.png,1
genuine\original_49_22.png,forged\forgeries_49_22.png,1
genuine\original_16_19.png,forged\forgeries_16_19.png,1
genuine\original_28_18.png,forged\forgeries_28_18.png,1
genuine\original_21_1.png,forged\forgeries_21_1.png,1
genuine\original_22_22.png,forged\forgeries_22_22.png,1
genuine\original_45_3.png,forged\forgeries_45_3.png,1
genuine\original_51_14.png,forged\forgeries_51_14.png,1
genuine\original_8_22.png,forged\forgeries_8_22.png,1
genuine\original_49_15.png,forged\forgeries_49_15.png,1
genuine\original_17_1.png,forged\forgeries_17_1.png,1
genuine\original_41_4.png,forged\forgeries_41_4.png,1
genuine\original_49_11.png,forged\forgeries_49_11.png,1
genuine\original_24_19.png,forged\forgeries_24_19.png,1
genuine\original_32_23.png,forged\forgeries_32_23.png,1
genuine\original_54_22.png,forged\forgeries_54_22.png,1
genuine\original_22_6.png,forged\forgeries_22_6.png,1
genuine\original_54_24.png,forged\forgeries_54_24.png,1
genuine\original_33_24.png,forged\forgeries_33_24.png,1
genuine\original_11_24.png,forged\forgeries_11_24.png,1
genuine\original_8_7.png,forged\forgeries_8_7.png,1
genuine\original_26_15.png,forged\forgeries_26_15.png,1
genuine\original_42_18.png,forged\forgeries_42_18.png,1
genuine\original_6_19.png,forged\forgeries_6_19.png,1
genuine\original_35_9.png,forged\forgeries_35_9.png,1
genuine\original_6_10.png,forged\forgeries_6_10.png,1
genuine\original_36_11.png,forged\forgeries_36_11.png,1
genuine\original_4_23.png,forged\forgeries_4_23.png,1
genuine\original_25_5.png,forged\forgeries_25_5.png,1
genuine\original_8_13.png,forged\forgeries_8_13.png,1
genuine\original_36_4.png,forged\forgeries_36_4.png,1
genuine\original_12_6.png,forged\forgeries_12_6.png,1
genuine\original_31_3.png,forged\forgeries_31_3.png,1
genuine\original_46_1.png,forged\forgeries_46_1.png,1
genuine\original_5_21.png,forged\forgeries_5_21.png,1
genuine\original_42_21.png,forged\forgeries_42_21.png,1
genuine\original_48_3.png,forged\forgeries_48_3.png,1
genuine\original_5_19.png,forged\forgeries_5_19.png,1
genuine\original_15_3.png,forged\forgeries_15_3.png,1
genuine\original_23_3.png,forged\forgeries_23_3.png,1
genuine\original_7_18.png,forged\forgeries_7_18.png,1
genuine\original_23_24.png,forged\forgeries_23_24.png,1
genuine\original_32_7.png,forged\forgeries_32_7.png,1
genuine\original_32_19.png,forged\forgeries_32_19.png,1
genuine\original_31_7.png,forged\forgeries_31_7.png,1
genuine\original_22_12.png,forged\forgeries_22_12.png,1
genuine\original_37_24.png,forged\forgeries_37_24.png,1
genuine\original_11_20.png,forged\forgeries_11_20.png,1
genuine\original_40_9.png,forged\forgeries_40_9.png,1
genuine\original_49_1.png,forged\forgeries_49_1.png,1
genuine\original_17_17.png,forged\forgeries_17_17.png,1
genuine\original_34_13.png,forged\forgeries_34_13.png,1
genuine\original_30_6.png,forged\forgeries_30_6.png,1
genuine\original_55_10.png,forged\forgeries_55_10.png,1
genuine\original_4_9.png,forged\forgeries_4_9.png,1
genuine\original_20_21.png,forged\forgeries_20_21.png,1
genuine\original_41_9.png,forged\forgeries_41_9.png,1
genuine\original_10_23.png,forged\forgeries_10_23.png,1
genuine\original_38_12.png,forged\forgeries_38_12.png,1
genuine\original_16_18.png,forged\forgeries_16_18.png,1
genuine\original_33_14.png,forged\forgeries_33_14.png,1
genuine\original_37_19.png,forged\forgeries_37_19.png,1
genuine\original_7_22.png,forged\forgeries_7_22.png,1
genuine\original_1_4.png,forged\forgeries_1_4.png,1
genuine\original_31_4.png,forged\forgeries_31_4.png,1
genuine\original_27_20.png,forged\forgeries_27_20.png,1
genuine\original_23_6.png,forged\forgeries_23_6.png,1
genuine\original_40_12.png,forged\forgeries_40_12.png,1
genuine\original_6_16.png,forged\forgeries_6_16.png,1
genuine\original_50_21.png,forged\forgeries_50_21.png,1
genuine\original_22_19.png,forged\forgeries_22_19.png,1
genuine\original_45_2.png,forged\forgeries_45_2.png,1
genuine\original_13_24.png,forged\forgeries_13_24.png,1
genuine\original_9_7.png,forged\forgeries_9_7.png,1
genuine\original_47_3.png,forged\forgeries_47_3.png,1
genuine\original_25_18.png,forged\forgeries_25_18.png,1
genuine\original_7_17.png,forged\forgeries_7_17.png,1
genuine\original_5_6.png,forged\forgeries_5_6.png,1
genuine\original_28_9.png,forged\forgeries_28_9.png,1
genuine\original_13_4.png,forged\forgeries_13_4.png,1
genuine\original_7_21.png,forged\forgeries_7_21.png,1
genuine\original_44_8.png,forged\forgeries_44_8.png,1
genuine\original_48_8.png,forged\forgeries_48_8.png,1
genuine\original_44_3.png,forged\forgeries_44_3.png,1
genuine\original_12_15.png,forged\forgeries_12_15.png,1
genuine\original_51_1.png,forged\forgeries_51_1.png,1
genuine\original_27_22.png,forged\forgeries_27_22.png,1
genuine\original_54_19.png,forged\forgeries_54_19.png,1
genuine\original_7_19.png,forged\forgeries_7_19.png,1
genuine\original_51_18.png,forged\forgeries_51_18.png,1
genuine\original_43_24.png,forged\forgeries_43_24.png,1
genuine\original_15_8.png,forged\forgeries_15_8.png,1
genuine\original_33_8.png,forged\forgeries_33_8.png,1
genuine\original_46_5.png,forged\forgeries_46_5.png,1
genuine\original_50_20.png,forged\forgeries_50_20.png,1
genuine\original_45_10.png,forged\forgeries_45_10.png,1
genuine\original_1_17.png,forged\forgeries_1_17.png,1
genuine\original_14_11.png,forged\forgeries_14_11.png,1
genuine\original_39_22.png,forged\forgeries_39_22.png,1
genuine\original_28_1.png,forged\forgeries_28_1.png,1
genuine\original_3_21.png,forged\forgeries_3_21.png,1
genuine\original_46_21.png,forged\forgeries_46_21.png,1
genuine\original_15_12.png,forged\forgeries_15_12.png,1
genuine\original_28_13.png,forged\forgeries_28_13.png,1
genuine\original_4_21.png,forged\forgeries_4_21.png,1
genuine\original_5_7.png,forged\forgeries_5_7.png,1
genuine\original_10_8.png,forged\forgeries_10_8.png,1
genuine\original_16_3.png,forged\forgeries_16_3.png,1
genuine\original_47_10.png,forged\forgeries_47_10.png,1
genuine\original_35_21.png,forged\forgeries_35_21.png,1
genuine\original_29_16.png,forged\forgeries_29_16.png,1
genuine\original_45_7.png,forged\forgeries_45_7.png,1
genuine\original_20_20.png,forged\forgeries_20_20.png,1
genuine\original_1_22.png,forged\forgeries_1_22.png,1
genuine\original_38_9.png,forged\forgeries_38_9.png,1
genuine\original_28_10.png,forged\forgeries_28_10.png,1
genuine\original_33_21.png,forged\forgeries_33_21.png,1
genuine\original_52_10.png,forged\forgeries_52_10.png,1
genuine\original_6_2.png,forged\forgeries_6_2.png,1
genuine\original_55_11.png,forged\forgeries_55_11.png,1
genuine\original_30_7.png,forged\forgeries_30_7.png,1
genuine\original_20_4.png,forged\forgeries_20_4.png,1
genuine\original_51_16.png,forged\forgeries_51_16.png,1
genuine\original_21_7.png,forged\forgeries_21_7.png,1
genuine\original_16_22.png,forged\forgeries_16_22.png,1
genuine\original_13_13.png,forged\forgeries_13_13.png,1
genuine\original_3_10.png,forged\forgeries_3_10.png,1
genuine\original_24_9.png,forged\forgeries_24_9.png,1
genuine\original_10_4.png,forged\forgeries_10_4.png,1
genuine\original_41_16.png,forged\forgeries_41_16.png,1
genuine\original_20_2.png,forged\forgeries_20_2.png,1
genuine\original_42_19.png,forged\forgeries_42_19.png,1
genuine\original_55_5.png,forged\forgeries_55_5.png,1
genuine\original_52_17.png,forged\forgeries_52_17.png,1
genuine\original_45_6.png,forged\forgeries_45_6.png,1
genuine\original_8_4.png,forged\forgeries_8_4.png,1
genuine\original_46_13.png,forged\forgeries_46_13.png,1
genuine\original_12_13.png,forged\forgeries_12_13.png,1
genuine\original_6_21.png,forged\forgeries_6_21.png,1
genuine\original_3_6.png,forged\forgeries_3_6.png,1
genuine\original_14_18.png,forged\forgeries_14_18.png,1
genuine\original_21_17.png,forged\forgeries_21_17.png,1
genuine\original_50_14.png,forged\forgeries_50_14.png,1
genuine\original_21_9.png,forged\forgeries_21_9.png,1
genuine\original_36_3.png,forged\forgeries_36_3.png,1
genuine\original_53_22.png,forged\forgeries_53_22.png,1
genuine\original_43_7.png,forged\forgeries_43_7.png,1
genuine\original_35_3.png,forged\forgeries_35_3.png,1
genuine\original_19_22.png,forged\forgeries_19_22.png,1
genuine\original_43_23.png,forged\forgeries_43_23.png,1
genuine\original_38_10.png,forged\forgeries_38_10.png,1
genuine\original_20_19.png,forged\forgeries_20_19.png,1
genuine\original_50_6.png,forged\forgeries_50_6.png,1
genuine\original_3_24.png,forged\forgeries_3_24.png,1
genuine\original_54_20.png,forged\forgeries_54_20.png,1
genuine\original_28_22.png,forged\forgeries_28_22.png,1
genuine\original_4_6.png,forged\forgeries_4_6.png,1
genuine\original_28_15.png,forged\forgeries_28_15.png,1
genuine\original_51_5.png,forged\forgeries_51_5.png,1
genuine\original_8_8.png,forged\forgeries_8_8.png,1
genuine\original_53_21.png,forged\forgeries_53_21.png,1
genuine\original_14_4.png,forged\forgeries_14_4.png,1
genuine\original_45_22.png,forged\forgeries_45_22.png,1
genuine\original_25_9.png,forged\forgeries_25_9.png,1
genuine\original_30_9.png,forged\forgeries_30_9.png,1
genuine\original_45_4.png,forged\forgeries_45_4.png,1
genuine\original_50_15.png,forged\forgeries_50_15.png,1
genuine\original_43_16.png,forged\forgeries_43_16.png,1
genuine\original_5_12.png,forged\forgeries_5_12.png,1
genuine\original_38_19.png,forged\forgeries_38_19.png,1
genuine\original_21_11.png,forged\forgeries_21_11.png,1
genuine\original_26_21.png,forged\forgeries_26_21.png,1
genuine\original_14_12.png,forged\forgeries_14_12.png,1
genuine\original_23_19.png,forged\forgeries_23_19.png,1
genuine\original_33_4.png,forged\forgeries_33_4.png,1
genuine\original_5_17.png,forged\forgeries_5_17.png,1
genuine\original_24_14.png,forged\forgeries_24_14.png,1
genuine\original_14_17.png,forged\forgeries_14_17.png,1
genuine\original_22_20.png,forged\forgeries_22_20.png,1
genuine\original_5_2.png,forged\forgeries_5_2.png,1
genuine\original_2_17.png,forged\forgeries_2_17.png,1
genuine\original_36_20.png,forged\forgeries_36_20.png,1
genuine\original_19_12.png,forged\forgeries_19_12.png,1
genuine\original_20_14.png,forged\forgeries_20_14.png,1
genuine\original_50_8.png,forged\forgeries_50_8.png,1
genuine\original_28_3.png,forged\forgeries_28_3.png,1
genuine\original_47_11.png,forged\forgeries_47_11.png,1
genuine\original_14_19.png,forged\forgeries_14_19.png,1
genuine\original_38_7.png,forged\forgeries_38_7.png,1
genuine\original_37_21.png,forged\forgeries_37_21.png,1
genuine\original_51_24.png,forged\forgeries_51_24.png,1
genuine\original_43_11.png,forged\forgeries_43_11.png,1
genuine\original_19_6.png,forged\forgeries_19_6.png,1
genuine\original_16_14.png,forged\forgeries_16_14.png,1
genuine\original_24_21.png,forged\forgeries_24_21.png,1
genuine\original_16_2.png,forged\forgeries_16_2.png,1
genuine\original_2_20.png,forged\forgeries_2_20.png,1
genuine\original_31_23.png,forged\forgeries_31_23.png,1
genuine\original_4_20.png,forged\forgeries_4_20.png,1
genuine\original_33_12.png,forged\forgeries_33_12.png,1
genuine\original_29_2.png,forged\forgeries_29_2.png,1
genuine\original_15_13.png,forged\forgeries_15_13.png,1
genuine\original_39_19.png,forged\forgeries_39_19.png,1
genuine\original_4_22.png,forged\forgeries_4_22.png,1
genuine\original_53_18.png,forged\forgeries_53_18.png,1
genuine\original_14_3.png,forged\forgeries_14_3.png,1
genuine\original_7_8.png,forged\forgeries_7_8.png,1
genuine\original_29_17.png,forged\forgeries_29_17.png,1
genuine\original_49_23.png,forged\forgeries_49_23.png,1
genuine\original_24_23.png,forged\forgeries_24_23.png,1
genuine\original_30_16.png,forged\forgeries_30_16.png,1
genuine\original_55_6.png,forged\forgeries_55_6.png,1
genuine\original_17_4.png,forged\forgeries_17_4.png,1
genuine\original_52_11.png,forged\forgeries_52_11.png,1
genuine\original_35_4.png,forged\forgeries_35_4.png,1
genuine\original_12_10.png,forged\forgeries_12_10.png,1
genuine\original_28_23.png,forged\forgeries_28_23.png,1
genuine\original_33_2.png,forged\forgeries_33_2.png,1
genuine\original_40_14.png,forged\forgeries_40_14.png,1
genuine\original_3_7.png,forged\forgeries_3_7.png,1
genuine\original_5_22.png,forged\forgeries_5_22.png,1
genuine\original_34_16.png,forged\forgeries_34_16.png,1
genuine\original_42_11.png,forged\forgeries_42_11.png,1
genuine\original_55_2.png,forged\forgeries_55_2.png,1
genuine\original_20_10.png,forged\forgeries_20_10.png,1
genuine\original_17_10.png,forged\forgeries_17_10.png,1
genuine\original_44_12.png,forged\forgeries_44_12.png,1
genuine\original_33_15.png,forged\forgeries_33_15.png,1
genuine\original_22_7.png,forged\forgeries_22_7.png,1
genuine\original_16_6.png,forged\forgeries_16_6.png,1
genuine\original_12_21.png,forged\forgeries_12_21.png,1
genuine\original_31_10.png,forged\forgeries_31_10.png,1
genuine\original_44_18.png,forged\forgeries_44_18.png,1
genuine\original_4_10.png,forged\forgeries_4_10.png,1
genuine\original_18_4.png,forged\forgeries_18_4.png,1
genuine\original_2_23.png,forged\forgeries_2_23.png,1
genuine\original_38_24.png,forged\forgeries_38_24.png,1
genuine\original_50_1.png,forged\forgeries_50_1.png,1
genuine\original_10_15.png,forged\forgeries_10_15.png,1
genuine\original_5_23.png,forged\forgeries_5_23.png,1
genuine\original_47_16.png,forged\forgeries_47_16.png,1
genuine\original_33_9.png,forged\forgeries_33_9.png,1
genuine\original_38_16.png,forged\forgeries_38_16.png,1
genuine\original_32_15.png,forged\forgeries_32_15.png,1
genuine\original_50_18.png,forged\forgeries_50_18.png,1
genuine\original_2_10.png,forged\forgeries_2_10.png,1
genuine\original_34_21.png,forged\forgeries_34_21.png,1
genuine\original_29_1.png,forged\forgeries_29_1.png,1
genuine\original_12_16.png,forged\forgeries_12_16.png,1
genuine\original_11_19.png,forged\forgeries_11_19.png,1
genuine\original_19_14.png,forged\forgeries_19_14.png,1
genuine\original_20_23.png,forged\forgeries_20_23.png,1
genuine\original_5_5.png,forged\forgeries_5_5.png,1
genuine\original_23_1.png,forged\forgeries_23_1.png,1
genuine\original_22_16.png,forged\forgeries_22_16.png,1
genuine\original_45_21.png,forged\forgeries_45_21.png,1
genuine\original_51_3.png,forged\forgeries_51_3.png,1
genuine\original_36_5.png,forged\forgeries_36_5.png,1
genuine\original_29_14.png,forged\forgeries_29_14.png,1
genuine\original_36_9.png,forged\forgeries_36_9.png,1
genuine\original_40_3.png,forged\forgeries_40_3.png,1
genuine\original_25_1.png,forged\forgeries_25_1.png,1
genuine\original_36_6.png,forged\forgeries_36_6.png,1
genuine\original_47_4.png,forged\forgeries_47_4.png,1
genuine\original_37_8.png,forged\forgeries_37_8.png,1
genuine\original_4_17.png,forged\forgeries_4_17.png,1
genuine\original_33_6.png,forged\forgeries_33_6.png,1
genuine\original_40_24.png,forged\forgeries_40_24.png,1
genuine\original_5_24.png,forged\forgeries_5_24.png,1
genuine\original_48_11.png,forged\forgeries_48_11.png,1
genuine\original_49_9.png,forged\forgeries_49_9.png,1
genuine\original_25_14.png,forged\forgeries_25_14.png,1
genuine\original_13_15.png,forged\forgeries_13_15.png,1
genuine\original_36_13.png,forged\forgeries_36_13.png,1
genuine\original_9_9.png,forged\forgeries_9_9.png,1
genuine\original_17_24.png,forged\forgeries_17_24.png,1
genuine\original_25_3.png,forged\forgeries_25_3.png,1
genuine\original_35_8.png,forged\forgeries_35_8.png,1
genuine\original_6_24.png,forged\forgeries_6_24.png,1
genuine\original_52_13.png,forged\forgeries_52_13.png,1
genuine\original_52_5.png,forged\forgeries_52_5.png,1
genuine\original_37_3.png,forged\forgeries_37_3.png,1
genuine\original_28_8.png,forged\forgeries_28_8.png,1
genuine\original_19_15.png,forged\forgeries_19_15.png,1
genuine\original_32_13.png,forged\forgeries_32_13.png,1
genuine\original_35_14.png,forged\forgeries_35_14.png,1
genuine\original_15_9.png,forged\forgeries_15_9.png,1
genuine\original_35_24.png,forged\forgeries_35_24.png,1
genuine\original_29_10.png,forged\forgeries_29_10.png,1
genuine\original_26_24.png,forged\forgeries_26_24.png,1
genuine\original_40_18.png,forged\forgeries_40_18.png,1
genuine\original_13_10.png,forged\forgeries_13_10.png,1
genuine\original_40_2.png,forged\forgeries_40_2.png,1
genuine\original_33_5.png,forged\forgeries_33_5.png,1
genuine\original_20_12.png,forged\forgeries_20_12.png,1
genuine\original_6_9.png,forged\forgeries_6_9.png,1
genuine\original_42_15.png,forged\forgeries_42_15.png,1
genuine\original_44_16.png,forged\forgeries_44_16.png,1
genuine\original_38_22.png,forged\forgeries_38_22.png,1
genuine\original_29_9.png,forged\forgeries_29_9.png,1
genuine\original_2_8.png,forged\forgeries_2_8.png,1
genuine\original_55_4.png,forged\forgeries_55_4.png,1
genuine\original_23_12.png,forged\forgeries_23_12.png,1
genuine\original_2_18.png,forged\forgeries_2_18.png,1
genuine\original_25_22.png,forged\forgeries_25_22.png,1
genuine\original_1_7.png,forged\forgeries_1_7.png,1
genuine\original_46_10.png,forged\forgeries_46_10.png,1
genuine\original_6_8.png,forged\forgeries_6_8.png,1
genuine\original_2_3.png,forged\forgeries_2_3.png,1
genuine\original_14_22.png,forged\forgeries_14_22.png,1
genuine\original_32_16.png,forged\forgeries_32_16.png,1
genuine\original_9_6.png,forged\forgeries_9_6.png,1
genuine\original_22_14.png,forged\forgeries_22_14.png,1
genuine\original_23_20.png,forged\forgeries_23_20.png,1
genuine\original_40_17.png,forged\forgeries_40_17.png,1
genuine\original_23_22.png,forged\forgeries_23_22.png,1
genuine\original_44_14.png,forged\forgeries_44_14.png,1
genuine\original_52_8.png,forged\forgeries_52_8.png,1
genuine\original_14_16.png,forged\forgeries_14_16.png,1
genuine\original_27_14.png,forged\forgeries_27_14.png,1
genuine\original_12_2.png,forged\forgeries_12_2.png,1
genuine\original_45_24.png,forged\forgeries_45_24.png,1
genuine\original_44_21.png,forged\forgeries_44_21.png,1
genuine\original_25_20.png,forged\forgeries_25_20.png,1
genuine\original_26_20.png,forged\forgeries_26_20.png,1
genuine\original_27_9.png,forged\forgeries_27_9.png,1
genuine\original_12_9.png,forged\forgeries_12_9.png,1
genuine\original_10_9.png,forged\forgeries_10_9.png,1
genuine\original_24_16.png,forged\forgeries_24_16.png,1
genuine\original_21_15.png,forged\forgeries_21_15.png,1
genuine\original_55_18.png,forged\forgeries_55_18.png,1
genuine\original_35_6.png,forged\forgeries_35_6.png,1
genuine\original_13_23.png,forged\forgeries_13_23.png,1
genuine\original_16_24.png,forged\forgeries_16_24.png,1
genuine\original_48_15.png,forged\forgeries_48_15.png,1
genuine\original_23_15.png,forged\forgeries_23_15.png,1
genuine\original_31_16.png,forged\forgeries_31_16.png,1
genuine\original_46_17.png,forged\forgeries_46_17.png,1
genuine\original_47_22.png,forged\forgeries_47_22.png,1
genuine\original_16_7.png,forged\forgeries_16_7.png,1
genuine\original_37_12.png,forged\forgeries_37_12.png,1
genuine\original_44_5.png,forged\forgeries_44_5.png,1
genuine\original_48_18.png,forged\forgeries_48_18.png,1
genuine\original_14_15.png,forged\forgeries_14_15.png,1
genuine\original_22_5.png,forged\forgeries_22_5.png,1
genuine\original_47_5.png,forged\forgeries_47_5.png,1
genuine\original_6_11.png,forged\forgeries_6_11.png,1
genuine\original_19_5.png,forged\forgeries_19_5.png,1
genuine\original_27_6.png,forged\forgeries_27_6.png,1
genuine\original_21_21.png,forged\forgeries_21_21.png,1
genuine\original_34_23.png,forged\forgeries_34_23.png,1
genuine\original_45_1.png,forged\forgeries_45_1.png,1
genuine\original_21_24.png,forged\forgeries_21_24.png,1
genuine\original_43_5.png,forged\forgeries_43_5.png,1
genuine\original_53_16.png,forged\forgeries_53_16.png,1
genuine\original_25_11.png,forged\forgeries_25_11.png,1
genuine\original_9_4.png,forged\forgeries_9_4.png,1
genuine\original_3_12.png,forged\forgeries_3_12.png,1
genuine\original_18_15.png,forged\forgeries_18_15.png,1
genuine\original_44_9.png,forged\forgeries_44_9.png,1
genuine\original_40_7.png,forged\forgeries_40_7.png,1
genuine\original_43_17.png,forged\forgeries_43_17.png,1
genuine\original_33_7.png,forged\forgeries_33_7.png,1
genuine\original_39_11.png,forged\forgeries_39_11.png,1
genuine\original_34_4.png,forged\forgeries_34_4.png,1
genuine\original_25_8.png,forged\forgeries_25_8.png,1
genuine\original_43_21.png,forged\forgeries_43_21.png,1
genuine\original_49_3.png,forged\forgeries_49_3.png,1
genuine\original_20_1.png,forged\forgeries_20_1.png,1
genuine\original_31_17.png,forged\forgeries_31_17.png,1
genuine\original_10_22.png,forged\forgeries_10_22.png,1
genuine\original_5_11.png,forged\forgeries_5_11.png,1
genuine\original_10_19.png,forged\forgeries_10_19.png,1
genuine\original_37_17.png,forged\forgeries_37_17.png,1
genuine\original_26_11.png,forged\forgeries_26_11.png,1
genuine\original_13_16.png,forged\forgeries_13_16.png,1
genuine\original_3_11.png,forged\forgeries_3_11.png,1
genuine\original_32_9.png,forged\forgeries_32_9.png,1
genuine\original_44_6.png,forged\forgeries_44_6.png,1
genuine\original_15_23.png,forged\forgeries_15_23.png,1
genuine\original_20_8.png,forged\forgeries_20_8.png,1
genuine\original_47_23.png,forged\forgeries_47_23.png,1
genuine\original_49_2.png,forged\forgeries_49_2.png,1
genuine\original_37_4.png,forged\forgeries_37_4.png,1
genuine\original_21_19.png,forged\forgeries_21_19.png,1
genuine\original_49_24.png,forged\forgeries_49_24.png,1
genuine\original_36_23.png,forged\forgeries_36_23.png,1
genuine\original_36_2.png,forged\forgeries_36_2.png,1
genuine\original_10_1.png,forged\forgeries_10_1.png,1
genuine\original_26_8.png,forged\forgeries_26_8.png,1
genuine\original_38_17.png,forged\forgeries_38_17.png,1
genuine\original_48_16.png,forged\forgeries_48_16.png,1
genuine\original_51_19.png,forged\forgeries_51_19.png,1
genuine\original_41_22.png,forged\forgeries_41_22.png,1
genuine\original_23_11.png,forged\forgeries_23_11.png,1
genuine\original_42_14.png,forged\forgeries_42_14.png,1
genuine\original_51_4.png,forged\forgeries_51_4.png,1
genuine\original_24_22.png,forged\forgeries_24_22.png,1
genuine\original_45_11.png,forged\forgeries_45_11.png,1
genuine\original_23_18.png,forged\forgeries_23_18.png,1
genuine\original_15_21.png,forged\forgeries_15_21.png,1
genuine\original_38_23.png,forged\forgeries_38_23.png,1
genuine\original_47_8.png,forged\forgeries_47_8.png,1
genuine\original_51_20.png,forged\forgeries_51_20.png,1
genuine\original_54_11.png,forged\forgeries_54_11.png,1
genuine\original_20_24.png,forged\forgeries_20_24.png,1
genuine\original_11_16.png,forged\forgeries_11_16.png,1
genuine\original_28_20.png,forged\forgeries_28_20.png,1
genuine\original_27_19.png,forged\forgeries_27_19.png,1
genuine\original_41_3.png,forged\forgeries_41_3.png,1
genuine\original_41_21.png,forged\forgeries_41_21.png,1
genuine\original_46_24.png,forged\forgeries_46_24.png,1
genuine\original_7_4.png,forged\forgeries_7_4.png,1
genuine\original_17_6.png,forged\forgeries_17_6.png,1
genuine\original_54_23.png,forged\forgeries_54_23.png,1
genuine\original_17_8.png,forged\forgeries_17_8.png,1
genuine\original_10_7.png,forged\forgeries_10_7.png,1
genuine\original_48_10.png,forged\forgeries_48_10.png,1
genuine\original_37_16.png,forged\forgeries_37_16.png,1
genuine\original_28_2.png,forged\forgeries_28_2.png,1
genuine\original_27_8.png,forged\forgeries_27_8.png,1
genuine\original_30_4.png,forged\forgeries_30_4.png,1
genuine\original_27_17.png,forged\forgeries_27_17.png,1
genuine\original_54_16.png,forged\forgeries_54_16.png,1
genuine\original_8_9.png,forged\forgeries_8_9.png,1
genuine\original_17_5.png,forged\forgeries_17_5.png,1
genuine\original_38_13.png,forged\forgeries_38_13.png,1
genuine\original_13_8.png,forged\forgeries_13_8.png,1
genuine\original_39_14.png,forged\forgeries_39_14.png,1
genuine\original_38_14.png,forged\forgeries_38_14.png,1
genuine\original_31_21.png,forged\forgeries_31_21.png,1
genuine\original_3_14.png,forged\forgeries_3_14.png,1
genuine\original_7_6.png,forged\forgeries_7_6.png,1
genuine\original_3_9.png,forged\forgeries_3_9.png,1
genuine\original_39_6.png,forged\forgeries_39_6.png,1
genuine\original_21_10.png,forged\forgeries_21_10.png,1
genuine\original_36_22.png,forged\forgeries_36_22.png,1
genuine\original_23_8.png,forged\forgeries_23_8.png,1
genuine\original_6_15.png,forged\forgeries_6_15.png,1
genuine\original_23_21.png,forged\forgeries_23_21.png,1
genuine\original_26_9.png,forged\forgeries_26_9.png,1
genuine\original_20_22.png,forged\forgeries_20_22.png,1
genuine\original_12_22.png,forged\forgeries_12_22.png,1
genuine\original_32_14.png,forged\forgeries_32_14.png,1
genuine\original_46_9.png,forged\forgeries_46_9.png,1
genuine\original_49_10.png,forged\forgeries_49_10.png,1
genuine\original_27_15.png,forged\forgeries_27_15.png,1
genuine\original_3_3.png,forged\forgeries_3_3.png,1
genuine\original_25_23.png,forged\forgeries_25_23.png,1
genuine\original_7_12.png,forged\forgeries_7_12.png,1
genuine\original_14_24.png,forged\forgeries_14_24.png,1
genuine\original_40_13.png,forged\forgeries_40_13.png,1
genuine\original_36_14.png,forged\forgeries_36_14.png,1
genuine\original_5_13.png,forged\forgeries_5_13.png,1
genuine\original_24_3.png,forged\forgeries_24_3.png,1
genuine\original_40_15.png,forged\forgeries_40_15.png,1
genuine\original_53_8.png,forged\forgeries_53_8.png,1
genuine\original_9_3.png,forged\forgeries_9_3.png,1
genuine\original_50_16.png,forged\forgeries_50_16.png,1
genuine\original_50_24.png,forged\forgeries_50_24.png,1
genuine\Thumbs.db,forged\Thumbs.db,1
genuine\original_9_19.png,forged\forgeries_9_19.png,1
genuine\original_33_23.png,forged\forgeries_33_23.png,1
genuine\original_15_20.png,forged\forgeries_15_20.png,1
genuine\original_29_8.png,forged\forgeries_29_8.png,1
genuine\original_18_10.png,forged\forgeries_18_10.png,1
genuine\original_12_18.png,forged\forgeries_12_18.png,1
genuine\original_55_20.png,forged\forgeries_55_20.png,1
genuine\original_55_3.png,forged\forgeries_55_3.png,1
genuine\original_9_15.png,forged\forgeries_9_15.png,1
genuine\original_45_20.png,forged\forgeries_45_20.png,1
genuine\original_39_18.png,forged\forgeries_39_18.png,1
genuine\original_27_13.png,forged\forgeries_27_13.png,1
genuine\original_8_19.png,forged\forgeries_8_19.png,1
genuine\original_24_2.png,forged\forgeries_24_2.png,1
genuine\original_29_15.png,forged\forgeries_29_15.png,1
genuine\original_18_18.png,forged\forgeries_18_18.png,1
genuine\original_41_14.png,forged\forgeries_41_14.png,1
genuine\original_47_7.png,forged\forgeries_47_7.png,1
genuine\original_31_2.png,forged\forgeries_31_2.png,1
genuine\original_10_11.png,forged\forgeries_10_11.png,1
genuine\original_23_23.png,forged\forgeries_23_23.png,1
genuine\original_22_23.png,forged\forgeries_22_23.png,1
genuine\original_27_1.png,forged\forgeries_27_1.png,1
genuine\original_41_13.png,forged\forgeries_41_13.png,1
genuine\original_3_5.png,forged\forgeries_3_5.png,1
genuine\original_38_2.png,forged\forgeries_38_2.png,1
genuine\original_35_23.png,forged\forgeries_35_23.png,1
genuine\original_53_24.png,forged\forgeries_53_24.png,1
genuine\original_49_5.png,forged\forgeries_49_5.png,1
genuine\original_31_13.png,forged\forgeries_31_13.png,1
genuine\original_22_9.png,forged\forgeries_22_9.png,1
genuine\original_25_13.png,forged\forgeries_25_13.png,1
genuine\original_54_8.png,forged\forgeries_54_8.png,1
genuine\original_19_3.png,forged\forgeries_19_3.png,1
genuine\original_34_18.png,forged\forgeries_34_18.png,1
genuine\original_26_22.png,forged\forgeries_26_22.png,1
genuine\original_28_24.png,forged\forgeries_28_24.png,1
genuine\original_34_3.png,forged\forgeries_34_3.png,1
genuine\original_2_4.png,forged\forgeries_2_4.png,1
genuine\original_55_8.png,forged\forgeries_55_8.png,1
genuine\original_9_12.png,forged\forgeries_9_12.png,1
genuine\original_42_3.png,forged\forgeries_42_3.png,1
genuine\original_53_5.png,forged\forgeries_53_5.png,1
genuine\original_3_1.png,forged\forgeries_3_1.png,1
genuine\original_48_6.png,forged\forgeries_48_6.png,1
genuine\original_34_11.png,forged\forgeries_34_11.png,1
genuine\original_27_5.png,forged\forgeries_27_5.png,1
genuine\original_6_22.png,forged\forgeries_6_22.png,1
genuine\original_52_4.png,forged\forgeries_52_4.png,1
genuine\original_52_7.png,forged\forgeries_52_7.png,1
genuine\original_41_5.png,forged\forgeries_41_5.png,1
genuine\original_14_23.png,forged\forgeries_14_23.png,1
genuine\original_42_10.png,forged\forgeries_42_10.png,1
genuine\original_50_19.png,forged\forgeries_50_19.png,1
genuine\original_53_20.png,forged\forgeries_53_20.png,1
genuine\original_13_7.png,forged\forgeries_13_7.png,1
genuine\original_55_9.png,forged\forgeries_55_9.png,1
genuine\original_35_13.png,forged\forgeries_35_13.png,1
genuine\original_8_16.png,forged\forgeries_8_16.png,1
genuine\original_27_10.png,forged\forgeries_27_10.png,1
genuine\original_14_20.png,forged\forgeries_14_20.png,1
genuine\original_20_5.png,forged\forgeries_20_5.png,1
genuine\original_30_21.png,forged\forgeries_30_21.png,1
genuine\original_44_24.png,forged\forgeries_44_24.png,1
genuine\original_51_9.png,forged\forgeries_51_9.png,1
genuine\original_18_3.png,forged\forgeries_18_3.png,1
genuine\original_28_17.png,forged\forgeries_28_17.png,1
genuine\original_32_10.png,forged\forgeries_32_10.png,1
genuine\original_25_21.png,forged\forgeries_25_21.png,1
genuine\original_41_18.png,forged\forgeries_41_18.png,1
genuine\original_10_13.png,forged\forgeries_10_13.png,1
genuine\original_12_23.png,forged\forgeries_12_23.png,1
genuine\original_5_18.png,forged\forgeries_5_18.png,1
genuine\original_43_9.png,forged\forgeries_43_9.png,1
genuine\original_15_15.png,forged\forgeries_15_15.png,1
genuine\original_13_14.png,forged\forgeries_13_14.png,1
genuine\original_36_19.png,forged\forgeries_36_19.png,1
genuine\original_2_7.png,forged\forgeries_2_7.png,1
genuine\original_39_5.png,forged\forgeries_39_5.png,1
genuine\original_44_2.png,forged\forgeries_44_2.png,1
genuine\original_55_17.png,forged\forgeries_55_17.png,1
genuine\original_21_16.png,forged\forgeries_21_16.png,1
genuine\original_12_11.png,forged\forgeries_12_11.png,1
genuine\original_23_2.png,forged\forgeries_23_2.png,1
genuine\original_1_10.png,forged\forgeries_1_10.png,1
genuine\original_30_17.png,forged\forgeries_30_17.png,1
genuine\original_39_4.png,forged\forgeries_39_4.png,1
genuine\original_22_18.png,forged\forgeries_22_18.png,1
genuine\original_42_20.png,forged\forgeries_42_20.png,1
genuine\original_3_20.png,forged\forgeries_3_20.png,1
genuine\original_43_15.png,forged\forgeries_43_15.png,1
genuine\original_55_19.png,forged\forgeries_55_19.png,1
genuine\original_13_22.png,forged\forgeries_13_22.png,1
genuine\original_55_13.png,forged\forgeries_55_13.png,1
genuine\original_46_16.png,forged\forgeries_46_16.png,1
genuine\original_9_14.png,forged\forgeries_9_14.png,1
genuine\original_47_20.png,forged\forgeries_47_20.png,1
genuine\original_18_16.png,forged\forgeries_18_16.png,1
genuine\original_43_3.png,forged\forgeries_43_3.png,1
genuine\original_1_18.png,forged\forgeries_1_18.png,1
genuine\original_46_2.png,forged\forgeries_46_2.png,1
genuine\original_23_9.png,forged\forgeries_23_9.png,1
genuine\original_20_7.png,forged\forgeries_20_7.png,1
genuine\original_12_12.png,forged\forgeries_12_12.png,1
genuine\original_7_9.png,forged\forgeries_7_9.png,1
genuine\original_34_9.png,forged\forgeries_34_9.png,1
genuine\original_54_18.png,forged\forgeries_54_18.png,1
genuine\original_11_5.png,forged\forgeries_11_5.png,1
genuine\original_8_23.png,forged\forgeries_8_23.png,1
genuine\original_36_24.png,forged\forgeries_36_24.png,1
genuine\original_26_6.png,forged\forgeries_26_6.png,1
genuine\original_5_3.png,forged\forgeries_5_3.png,1
genuine\original_44_22.png,forged\forgeries_44_22.png,1
genuine\original_3_8.png,forged\forgeries_3_8.png,1
genuine\original_15_10.png,forged\forgeries_15_10.png,1
genuine\original_13_19.png,forged\forgeries_13_19.png,1
genuine\original_33_10.png,forged\forgeries_33_10.png,1
genuine\original_19_8.png,forged\forgeries_19_8.png,1
genuine\original_12_20.png,forged\forgeries_12_20.png,1
genuine\original_10_18.png,forged\forgeries_10_18.png,1
genuine\original_3_15.png,forged\forgeries_3_15.png,1
genuine\original_15_14.png,forged\forgeries_15_14.png,1
genuine\original_31_12.png,forged\forgeries_31_12.png,1
genuine\original_36_17.png,forged\forgeries_36_17.png,1
genuine\original_17_3.png,forged\forgeries_17_3.png,1
genuine\original_53_15.png,forged\forgeries_53_15.png,1
genuine\original_27_7.png,forged\forgeries_27_7.png,1
genuine\original_11_11.png,forged\forgeries_11_11.png,1
genuine\original_19_4.png,forged\forgeries_19_4.png,1
genuine\original_19_18.png,forged\forgeries_19_18.png,1
genuine\original_1_23.png,forged\forgeries_1_23.png,1
genuine\original_37_14.png,forged\forgeries_37_14.png,1
genuine\original_26_14.png,forged\forgeries_26_14.png,1
genuine\original_29_4.png,forged\forgeries_29_4.png,1
genuine\original_28_4.png,forged\forgeries_28_4.png,1
genuine\original_7_16.png,forged\forgeries_7_16.png,1
genuine\original_50_4.png,forged\forgeries_50_4.png,1
genuine\original_5_15.png,forged\forgeries_5_15.png,1
genuine\original_17_14.png,forged\forgeries_17_14.png,1
genuine\original_28_16.png,forged\forgeries_28_16.png,1
genuine\original_22_3.png,forged\forgeries_22_3.png,1
genuine\original_42_16.png,forged\forgeries_42_16.png,1
genuine\original_48_4.png,forged\forgeries_48_4.png,1
genuine\original_53_23.png,forged\forgeries_53_23.png,1
genuine\original_21_14.png,forged\forgeries_21_14.png,1
genuine\original_53_10.png,forged\forgeries_53_10.png,1
genuine\original_52_21.png,forged\forgeries_52_21.png,1
genuine\original_15_6.png,forged\forgeries_15_6.png,1
genuine\original_14_5.png,forged\forgeries_14_5.png,1
genuine\original_54_9.png,forged\forgeries_54_9.png,1
genuine\original_36_18.png,forged\forgeries_36_18.png,1
genuine\original_43_6.png,forged\forgeries_43_6.png,1
genuine\original_42_4.png,forged\forgeries_42_4.png,1
genuine\original_10_2.png,forged\forgeries_10_2.png,1
genuine\original_19_2.png,forged\forgeries_19_2.png,1
genuine\original_19_21.png,forged\forgeries_19_21.png,1
genuine\original_43_4.png,forged\forgeries_43_4.png,1
genuine\original_35_7.png,forged\forgeries_35_7.png,1
genuine\original_5_4.png,forged\forgeries_5_4.png,1
genuine\original_45_12.png,forged\forgeries_45_12.png,1
genuine\original_14_6.png,forged\forgeries_14_6.png,1
genuine\original_21_23.png,forged\forgeries_21_23.png,1
genuine\original_12_1.png,forged\forgeries_12_1.png,1
genuine\original_55_1.png,forged\forgeries_55_1.png,1
genuine\original_35_5.png,forged\forgeries_35_5.png,1
genuine\original_1_13.png,forged\forgeries_1_13.png,1
genuine\original_27_18.png,forged\forgeries_27_18.png,1
genuine\original_8_17.png,forged\forgeries_8_17.png,1
genuine\original_37_1.png,forged\forgeries_37_1.png,1
genuine\original_51_2.png,forged\forgeries_51_2.png,1
genuine\original_54_1.png,forged\forgeries_54_1.png,1
genuine\original_20_15.png,forged\forgeries_20_15.png,1
genuine\original_29_7.png,forged\forgeries_29_7.png,1
genuine\original_37_13.png,forged\forgeries_37_13.png,1
genuine\original_53_13.png,forged\forgeries_53_13.png,1
genuine\original_48_19.png,forged\forgeries_48_19.png,1
genuine\original_52_18.png,forged\forgeries_52_18.png,1
genuine\original_34_7.png,forged\forgeries_34_7.png,1
genuine\original_40_16.png,forged\forgeries_40_16.png,1
genuine\original_31_20.png,forged\forgeries_31_20.png,1
genuine\original_42_17.png,forged\forgeries_42_17.png,1
genuine\original_47_1.png,forged\forgeries_47_1.png,1
genuine\original_36_15.png,forged\forgeries_36_15.png,1
genuine\original_12_14.png,forged\forgeries_12_14.png,1
genuine\original_9_24.png,forged\forgeries_9_24.png,1
genuine\original_31_18.png,forged\forgeries_31_18.png,1
genuine\original_43_12.png,forged\forgeries_43_12.png,1
genuine\original_41_10.png,forged\forgeries_41_10.png,1
genuine\original_21_20.png,forged\forgeries_21_20.png,1
genuine\original_53_11.png,forged\forgeries_53_11.png,1
genuine\original_54_5.png,forged\forgeries_54_5.png,1
genuine\original_13_21.png,forged\forgeries_13_21.png,1
genuine\original_45_13.png,forged\forgeries_45_13.png,1
genuine\original_13_18.png,forged\forgeries_13_18.png,1
genuine\original_9_18.png,forged\forgeries_9_18.png,1
genuine\original_24_6.png,forged\forgeries_24_6.png,1
genuine\original_38_11.png,forged\forgeries_38_11.png,1
genuine\original_55_22.png,forged\forgeries_55_22.png,1
genuine\original_37_2.png,forged\forgeries_37_2.png,1
genuine\original_19_19.png,forged\forgeries_19_19.png,1
genuine\original_53_3.png,forged\forgeries_53_3.png,1
genuine\original_50_11.png,forged\forgeries_50_11.png,1
genuine\original_18_13.png,forged\forgeries_18_13.png,1
genuine\original_48_22.png,forged\forgeries_48_22.png,1
genuine\original_24_13.png,forged\forgeries_24_13.png,1
genuine\original_7_1.png,forged\forgeries_7_1.png,1
genuine\original_46_22.png,forged\forgeries_46_22.png,1
genuine\original_38_21.png,forged\forgeries_38_21.png,1
genuine\original_39_17.png,forged\forgeries_39_17.png,1
genuine\original_30_12.png,forged\forgeries_30_12.png,1
genuine\original_22_15.png,forged\forgeries_22_15.png,1
genuine\original_43_22.png,forged\forgeries_43_22.png,1
genuine\original_8_1.png,forged\forgeries_8_1.png,1
genuine\original_34_15.png,forged\forgeries_34_15.png,1
genuine\original_1_1.png,forged\forgeries_1_1.png,1
genuine\original_54_6.png,forged\forgeries_54_6.png,1
genuine\original_42_9.png,forged\forgeries_42_9.png,1
genuine\original_35_2.png,forged\forgeries_35_2.png,1
genuine\original_45_18.png,forged\forgeries_45_18.png,1
genuine\original_54_13.png,forged\forgeries_54_13.png,1
genuine\original_53_9.png,forged\forgeries_53_9.png,1
genuine\original_7_23.png,forged\forgeries_7_23.png,1
genuine\original_31_24.png,forged\forgeries_31_24.png,1
genuine\original_49_12.png,forged\forgeries_49_12.png,1
genuine\original_1_12.png,forged\forgeries_1_12.png,1
genuine\original_18_7.png,forged\forgeries_18_7.png,1
genuine\original_15_22.png,forged\forgeries_15_22.png,1
genuine\original_52_22.png,forged\forgeries_52_22.png,1
genuine\original_6_3.png,forged\forgeries_6_3.png,1
genuine\original_19_9.png,forged\forgeries_19_9.png,1
genuine\original_16_11.png,forged\forgeries_16_11.png,1
genuine\original_24_20.png,forged\forgeries_24_20.png,1
genuine\original_26_3.png,forged\forgeries_26_3.png,1
genuine\original_50_23.png,forged\forgeries_50_23.png,1
genuine\original_30_20.png,forged\forgeries_30_20.png,1
genuine\original_41_8.png,forged\forgeries_41_8.png,1
genuine\original_6_1.png,forged\forgeries_6_1.png,1
genuine\original_29_22.png,forged\forgeries_29_22.png,1
genuine\original_17_13.png,forged\forgeries_17_13.png,1
genuine\original_6_14.png,forged\forgeries_6_14.png,1
genuine\original_44_1.png,forged\forgeries_44_1.png,1
genuine\original_4_14.png,forged\forgeries_4_14.png,1
genuine\original_2_15.png,forged\forgeries_2_15.png,1
genuine\original_12_17.png,forged\forgeries_12_17.png,1
genuine\original_26_2.png,forged\forgeries_26_2.png,1
genuine\original_6_5.png,forged\forgeries_6_5.png,1
genuine\original_28_5.png,forged\forgeries_28_5.png,1
genuine\original_33_11.png,forged\forgeries_33_11.png,1
genuine\original_19_13.png,forged\forgeries_19_13.png,1
genuine\original_54_3.png,forged\forgeries_54_3.png,1
genuine\original_43_20.png,forged\forgeries_43_20.png,1
genuine\original_42_8.png,forged\forgeries_42_8.png,1
genuine\original_40_23.png,forged\forgeries_40_23.png,1
genuine\original_46_20.png,forged\forgeries_46_20.png,1
genuine\original_55_15.png,forged\forgeries_55_15.png,1
genuine\original_25_12.png,forged\forgeries_25_12.png,1
genuine\original_48_9.png,forged\forgeries_48_9.png,1
genuine\original_42_22.png,forged\forgeries_42_22.png,1
genuine\original_11_10.png,forged\forgeries_11_10.png,1
genuine\original_4_8.png,forged\forgeries_4_8.png,1
genuine\original_24_8.png,forged\forgeries_24_8.png,1
genuine\original_32_11.png,forged\forgeries_32_11.png,1
genuine\original_53_19.png,forged\forgeries_53_19.png,1
genuine\original_35_19.png,forged\forgeries_35_19.png,1
genuine\original_4_3.png,forged\forgeries_4_3.png,1
genuine\original_54_4.png,forged\forgeries_54_4.png,1
genuine\original_37_11.png,forged\forgeries_37_11.png,1
genuine\original_5_20.png,forged\forgeries_5_20.png,1
genuine\original_44_11.png,forged\forgeries_44_11.png,1
genuine\original_29_24.png,forged\forgeries_29_24.png,1
genuine\original_44_19.png,forged\forgeries_44_19.png,1
genuine\original_51_13.png,forged\forgeries_51_13.png,1
genuine\original_11_8.png,forged\forgeries_11_8.png,1
genuine\original_11_2.png,forged\forgeries_11_2.png,1
genuine\original_42_12.png,forged\forgeries_42_12.png,1
genuine\original_41_15.png,forged\forgeries_41_15.png,1
genuine\original_51_7.png,forged\forgeries_51_7.png,1
genuine\original_18_11.png,forged\forgeries_18_11.png,1
genuine\original_49_19.png,forged\forgeries_49_19.png,1
genuine\original_53_4.png,forged\forgeries_53_4.png,1
genuine\original_39_10.png,forged\forgeries_39_10.png,1
genuine\original_29_5.png,forged\forgeries_29_5.png,1
genuine\original_2_6.png,forged\forgeries_2_6.png,1
genuine\original_48_12.png,forged\forgeries_48_12.png,1
genuine\original_19_1.png,forged\forgeries_19_1.png,1
genuine\original_19_23.png,forged\forgeries_19_23.png,1
genuine\original_42_13.png,forged\forgeries_42_13.png,1
genuine\original_48_1.png,forged\forgeries_48_1.png,1
genuine\original_6_18.png,forged\forgeries_6_18.png,1
genuine\original_43_2.png,forged\forgeries_43_2.png,1
genuine\original_53_12.png,forged\forgeries_53_12.png,1
genuine\original_34_10.png,forged\forgeries_34_10.png,1
genuine\original_52_2.png,forged\forgeries_52_2.png,1
genuine\original_51_22.png,forged\forgeries_51_22.png,1
genuine\original_52_3.png,forged\forgeries_52_3.png,1
genuine\original_2_16.png,forged\forgeries_2_16.png,1
genuine\original_6_17.png,forged\forgeries_6_17.png,1
genuine\original_53_17.png,forged\forgeries_53_17.png,1
genuine\original_3_2.png,forged\forgeries_3_2.png,1
genuine\original_17_16.png,forged\forgeries_17_16.png,1
genuine\original_16_1.png,forged\forgeries_16_1.png,1
genuine\original_8_20.png,forged\forgeries_8_20.png,1
genuine\original_35_20.png,forged\forgeries_35_20.png,1
genuine\original_30_18.png,forged\forgeries_30_18.png,1
genuine\original_35_22.png,forged\forgeries_35_22.png,1
genuine\original_49_6.png,forged\forgeries_49_6.png,1
genuine\original_32_8.png,forged\forgeries_32_8.png,1
genuine\original_38_20.png,forged\forgeries_38_20.png,1
genuine\original_39_9.png,forged\forgeries_39_9.png,1
genuine\original_19_7.png,forged\forgeries_19_7.png,1
genuine\original_1_5.png,forged\forgeries_1_5.png,1
genuine\original_30_8.png,forged\forgeries_30_8.png,1
genuine\original_46_19.png,forged\forgeries_46_19.png,1
genuine\original_47_24.png,forged\forgeries_47_24.png,1
genuine\original_34_19.png,forged\forgeries_34_19.png,1
genuine\original_32_17.png,forged\forgeries_32_17.png,1
genuine\original_27_4.png,forged\forgeries_27_4.png,1
genuine\original_32_21.png,forged\forgeries_32_21.png,1
genuine\original_8_6.png,forged\forgeries_8_6.png,1
genuine\original_14_13.png,forged\forgeries_14_13.png,1
genuine\original_49_16.png,forged\forgeries_49_16.png,1
genuine\original_34_17.png,forged\forgeries_34_17.png,1
genuine\original_52_9.png,forged\forgeries_52_9.png,1
genuine\original_20_13.png,forged\forgeries_20_13.png,1
genuine\original_12_7.png,forged\forgeries_12_7.png,1
genuine\original_34_20.png,forged\forgeries_34_20.png,1
genuine\original_29_3.png,forged\forgeries_29_3.png,1
genuine\original_37_20.png,forged\forgeries_37_20.png,1
genuine\original_28_7.png,forged\forgeries_28_7.png,1
genuine\original_49_21.png,forged\forgeries_49_21.png,1
genuine\original_47_18.png,forged\forgeries_47_18.png,1
genuine\original_16_23.png,forged\forgeries_16_23.png,1
genuine\original_46_7.png,forged\forgeries_46_7.png,1
genuine\original_35_12.png,forged\forgeries_35_12.png,1
genuine\original_3_19.png,forged\forgeries_3_19.png,1
genuine\original_27_21.png,forged\forgeries_27_21.png,1
genuine\original_26_23.png,forged\forgeries_26_23.png,1
genuine\original_18_19.png,forged\forgeries_18_19.png,1
genuine\original_1_15.png,forged\forgeries_1_15.png,1
genuine\original_32_20.png,forged\forgeries_32_20.png,1
genuine\original_54_17.png,forged\forgeries_54_17.png,1
genuine\original_16_4.png,forged\forgeries_16_4.png,1
genuine\original_4_7.png,forged\forgeries_4_7.png,1
genuine\original_18_23.png,forged\forgeries_18_23.png,1
genuine\original_12_19.png,forged\forgeries_12_19.png,1
genuine\original_33_16.png,forged\forgeries_33_16.png,1
genuine\original_44_23.png,forged\forgeries_44_23.png,1
genuine\original_47_13.png,forged\forgeries_47_13.png,1
genuine\original_14_2.png,forged\forgeries_14_2.png,1
genuine\original_22_17.png,forged\forgeries_22_17.png,1
genuine\original_45_23.png,forged\forgeries_45_23.png,1
genuine\original_32_4.png,forged\forgeries_32_4.png,1
genuine\original_51_15.png,forged\forgeries_51_15.png,1
